Workbook

Sheet التقرير
A3: Stock Take List | E3: INV2607-0308
A4: Cost Center | E4: Center Kitchen CC
A5: Date | E5: 46234
A7: Item No. | D7: Item | F7: Unit
A8: Unassigned
B9: Bakery
B10: 1 | D10: Sauce Brgr | F10: Kilogram
B11: 100001 | D11: Bread | F11: Each
B12: 100005 | D12: Bread Crumbs | F12: Pkt 1 Kg
B13: 100021 | D13: Bread Darker | E13: Bread Darker | F13: Kilogram
B14: 100020 | D14: Bread Sour Dough | E14: Bread Sour Dough | F14: Each
B15: 100037 | D15: Brownie can | E15: Brownie can | F15: Each
B16: 100022 | D16: Cookies (not use) | E16: Cookies (not use) | F16: Each
B17: 100026 | D17: Cookies chocolate | E17: Cookies chocolate | F17: Each
B18: 100035 | D18: Cookies not use | E18: Cookies not use | F18: Order 8 pieces
B19: 100032 | D19: Frozen Pan Suisse Chocolate | E19: Frozen Pan Suisse Chocolate | F19: Each
B20: 100031 | D20: Frozen Plain Croissant | E20: Frozen Plain Croissant | F20: Each
B21: 100051 | D21: Milk Powder Nido | E21: Milk Powder Nido | F21: Pkt 1.75 Kg
B22: 100017 | D22: Pretzel Bread (PA) | E22: Pretzel Bread (PA) | F22: Each
B23: 100016 | D23: Pretzel bread water | E23: Pretzel bread water | F23: Gal 5 L
B24: 100010 | D24: Sesame bread | E24: Sesame bread | F24: Each
... B28: 100008 | D28: Tortilla Bread | E28: Tortilla Bread | F28: Each
B29: Beverage
B30: 200158 | D30: Cubie Pistachio Sauce | F30: Btl 1 L
B31: 200101 | D31: Dvg Syrup Raspberry | F31: Btl 750 Ml
B32: 200097 | D32: Dvg Syrup Strawberry | F32: Btl 750 Ml
B33: 200143 | D33: Ice cube | F33: Kilogram
B34: 200218 | D34: Juice Apple Juhayna | F34: Liter
B35: 200119 | D35: Juice Pineapple Juhayna | F35: Btl 1 L
B36: 200172 | D36: Keddy strawberry syrup | F36: Liter
B37: 200078 | D37: Pistachio sauce | F37: BTL 900 GR
B38: 200142 | D38: Red food color | F38: Liter
B39: 200096 | D39: Red Grape Juice Juihaina | F39: Btl 1 L
B40: 200013 | D40: Soda Cans Cola 24 Can | F40: Can 330 Ml
B41: 200006 | D41: Soda Schweppes | F41: Btl 1 L
... B49: 200012 | D49: Water Gallon 19 lit | F49: Gal 19 L
B50: Cleaning Supplies
B51: 600062 | D51: Air Freshener Spray | F51: Each
B52: 600015 | D52: Bacteria Tablets | F52: Box 200 Pcs
B53: 600036 | D53: Broom | F53: Each
B54: 600041 | D54: Clor | F54: Btl 1 L
B55: 600026 | D55: Cotton Floor Cleaning Mop | F55: Each
B56: 600104 | D56: Cotton Floor Cleaning Mop - 1/2 Kg | F56: Each
B57: 600157 | D57: DIVERCLEAN SU121 | F57: Liter
B58: 600043 | D58: D-Klenz Anti-Bacterial Cleaner | F58: Gal 4 L
B59: 600011 | D59: F.R.S | F59: Gal 4 L
B60: 600031 | D60: Face Mask Black | F60: Box 50 Pcs
B61: 600032 | D61: Face Mask Blue | F61: Box 50 Pcs
B62: 600055 | D62: Floor Scrubbing Brush | F62: Each
... B77: 600012 | D77: L-A WAY | F77: Gal 4 L
A78: Item No. | D78: Item | F78: Unit
B79: 600013 | D79: M.QUAT | F79: Gal 4 L
B80: 600053 | D80: Metal Hand | F80: Each
B81: 600137 | D81: Plastic Apron | F81: Each
B82: 600116 | D82: Plastic wrist | F82: Each
B83: 600025 | D83: Raid Insecticide Spray | F83: Each
B84: 600084 | D84: Rines Dry | F84: Gal 20 L
B85: 600085 | D85: S.Trump | F85: Gal 20 L
B86: 600151 | D86: SANITISING TABLETS | F86: Kilogram
B87: 600044 | D87: Sewer line cleaner G TAC | F87: Gal 5 Kg
B88: 600020 | D88: Shovel Plastic | F88: Each
B89: 600058 | D89: Soap Dispenser 500 Ml | F89: Each
B90: 600028 | D90: Soap Hand | F90: Gal 4 L
... B102: 600067 | D102: Towel Cleaning Colorful | F102: Pkt 3 Pcs
B103: Dairy
B104: 101114 | D104: Baking soda | F104: Kilogram
B105: 101059 | D105: Blue Cheese | F105: Kilogram
B106: 101112 | D106: Butter | F106: Kilogram
B107: 101002 | D107: Butter Fern 10 Pkt 1 Kg | F107: Pkt 1 Kg
B108: 101073 | D108: butter Irish | F108: Kilogram
B109: 101120 | D109: Butter Newzealand | F109: Kilogram
B110: 101139 | D110: Butter Newzealand (local) | F110: Bag 25 Kg
B111: 101004 | D111: Butter unsalted Anchor | F111: Pkt 1 Kg
B112: 101008 | D112: Cheddar American Cheese | F112: Pkt 200 Pcs
B113: 101034 | D113: Cheddar Cheese Kg | F113: Kilogram
B114: 101015 | D114: Cheddar President Cheese | F114: Pkt 184 Pcs
B115: 101070 | D115: Cheddar White American Cheese | F115: Kilogram
... B121: 101098 | D121: Cream Sour | F121: Pkt 500 Gr
B123: Inventory02.rst
G124: Page
B127: 101010 | D127: Cream Whipping Kg. | F127: Gal 5 Kg
B128: 101056 | D128: Emmental Cheese Swiss | F128: Kilogram
B129: 101017 | D129: Feta Cheese Greece | F129: Pkt 250 Gr
B130: 101025 | D130: Goat Cheese | F130: Pkt 150 Gr
B131: 101069 | D131: kiri creamy spread | F131: Pkt 500 Gr
B132: 101072 | D132: la vache Quirit Cheese | F132: Pkt 12 Pcs
B133: 101020 | D133: Labneh Turkish | F133: Pkt 370 Gr
B134: 101031 | D134: Milk Almond Light | F134: Pkt 1 L
B135: 101032 | D135: Milk Coconut | F135: Pkt 1 L
B136: 101003 | D136: Milk Lamar full fat Box 12 Pkt 1 lit | F136: Pkt 1 L
B137: 101005 | D137: Milk Lamar Skimmed Box 12 Pkt 1 lit | F137: Pkt 1 L
B138: 101029 | D138: Milk Oat | F138: Pkt 1 L
... B149: 104423 | D149: Yolk Egg frozen | F149: Kilogram
A150: Item No. | D150: Item | F150: Unit
B151: Dry
B152: 102165 | D152: Flour White 50 kg Five-Star | F152: Bag 50 Kg
B153: 102282 | D153: pistachio Powder | F153: Kilogram
B154: 102243 | D154: ALMOND POWDER | F154: Kilogram
B155: 102244 | D155: almond slices | F155: Kilogram
B156: 102133 | D156: Anise Drink | F156: Box 50 Pcs
...

Sheet Sheet1
B3: Stock Take List | F3: INV2507-0304
B4: Cost Center | F4: Center Kitchen CC
B5: Date | F5: 46203
B7: Item No. | E7: Item | G7: Unit | I7: Count Qty
B8: Unassigned
C9: Bakery
C10: 1 | E10: Sauce Brgr | G10: Kilogram | I10: =SUMIFS(#REF!,#REF!,التقرير!B10) -> #REF!
C11: 100001 | E11: Bread | G11: Each | I11: =SUMIFS(#REF!,#REF!,التقرير!B11) -> #REF!
C12: 100005 | E12: Bread Crumbs | G12: Pkt 1 Kg | I12: =SUMIFS(#REF!,#REF!,التقرير!B12) -> #REF!
C13: 100021 | E13: Bread Darker | F13: Bread Darker | G13: Kilogram | I13: =SUMIFS(#REF!,#REF!,التقرير!B13) -> #REF!
C14: 100020 | E14: Bread Sour Dough | F14: Bread Sour Dough | G14: Each | I14: =SUMIFS(#REF!,#REF!,التقرير!B14) -> #REF!
C15: 100037 | E15: Brownie can | F15: Brownie can | G15: Each | I15: =SUMIFS(#REF!,#REF!,التقرير!B15) -> #REF!
C16: 100022 | E16: Cookies (not use) | F16: Cookies (not use) | G16: Each | I16: =SUMIFS(#REF!,#REF!,التقرير!B16) -> #REF!
C17: 100026 | E17: Cookies chocolate | F17: Cookies chocolate | G17: Each | I17: =SUMIFS(#REF!,#REF!,التقرير!B17) -> #REF!
C18: 100035 | E18: Cookies not use | F18: Cookies not use | G18: Order 8 pieces | I18: =SUMIFS(#REF!,#REF!,التقرير!B18) -> #REF!
C19: 100032 | E19: Frozen Pan Suisse Chocolate | F19: Frozen Pan Suisse Chocolate | G19: Each | I19: =SUMIFS(#REF!,#REF!,التقرير!B19) -> #REF!
C20: 100031 | E20: Frozen Plain Croissant | F20: Frozen Plain Croissant | G20: Each | I20: =SUMIFS(#REF!,#REF!,التقرير!B20) -> #REF!
C21: 100051 | E21: Milk Powder Nido | F21: Milk Powder Nido | G21: Pkt 1.75 Kg | I21: =SUMIFS(#REF!,#REF!,التقرير!B21) -> #REF!
C22: 100017 | E22: Pretzel Bread (PA) | F22: Pretzel Bread (PA) | G22: Each | I22: =SUMIFS(#REF!,#REF!,التقرير!B22) -> #REF!
C23: 100016 | E23: Pretzel bread water | F23: Pretzel bread water | G23: Gal 5 L | I23: =SUMIFS(#REF!,#REF!,التقرير!B23) -> #REF!
C24: 100010 | E24: Sesame bread | F24: Sesame bread | G24: Each | I24: =SUMIFS(#REF!,#REF!,التقرير!B24) -> #REF!
... C28: 100008 | E28: Tortilla Bread | F28: Tortilla Bread | G28: Each | I28: =SUMIFS(#REF!,#REF!,التقرير!B28) -> #REF!
C29: Beverage | I29: =SUMIFS(#REF!,#REF!,التقرير!B29) -> #REF!
C30: 200158 | E30: Cubie Pistachio Sauce | G30: Btl 1 L | I30: =SUMIFS(#REF!,#REF!,التقرير!B30) -> #REF!
C31: 200101 | E31: Dvg Syrup Raspberry | G31: Btl 750 Ml | I31: =SUMIFS(#REF!,#REF!,التقرير!B31) -> #REF!
C32: 200097 | E32: Dvg Syrup Strawberry | G32: Btl 750 Ml | I32: =SUMIFS(#REF!,#REF!,التقرير!B32) -> #REF!
C33: 200143 | E33: Ice cube | G33: Kilogram | I33: =SUMIFS(#REF!,#REF!,التقرير!B33) -> #REF!
C34: 200218 | E34: Juice Apple Juhayna | G34: Liter | I34: =SUMIFS(#REF!,#REF!,التقرير!B34) -> #REF!
C35: 200119 | E35: Juice Pineapple Juhayna | G35: Btl 1 L | I35: =SUMIFS(#REF!,#REF!,التقرير!B35) -> #REF!
C36: 200172 | E36: Keddy strawberry syrup | G36: Liter | I36: =SUMIFS(#REF!,#REF!,التقرير!B36) -> #REF!
C37: 200078 | E37: Pistachio sauce | G37: BTL 900 GR | I37: =SUMIFS(#REF!,#REF!,التقرير!B37) -> #REF!
C38: 200142 | E38: Red food color | G38: Liter | I38: =SUMIFS(#REF!,#REF!,التقرير!B38) -> #REF!
C39: 200096 | E39: Red Grape Juice Juihaina | G39: Btl 1 L | I39: =SUMIFS(#REF!,#REF!,التقرير!B39) -> #REF!
C40: 200174 | E40: Salted hazelnut (PA) | G40: Kilogram | I40: =SUMIFS(#REF!,#REF!,التقرير!B633) -> #REF!
C41: 200013 | E41: Soda Cans Cola 24 Can | G41: Can 330 Ml | I41: =SUMIFS(#REF!,#REF!,التقرير!B40) -> #REF!
C42: 200006 | E42: Soda Schweppes | G42: Btl 1 L | I42: =SUMIFS(#REF!,#REF!,التقرير!B41) -> #REF!
C43: 200095 | E43: Syrup coconut Brix | G43: Pkt 1 L | I43: =SUMIFS(#REF!,#REF!,التقرير!B42) -> #REF!
C44: 200111 | E44: Syrup Coconut Monin | G44: Btl 1 L | I44: =SUMIFS(#REF!,#REF!,التقرير!B43) -> #REF!
C45: 200016 | E45: Syrup Monin Mango puree Box 4 botl * 1 lit | G45: Btl 1 L | I45: =SUMIFS(#REF!,#REF!,التقرير!B44) -> #REF!
C46: 200023 | E46: Syrup Monin Raspberry puree | G46: Btl 1 L | I46: =SUMIFS(#REF!,#REF!,التقرير!B45) -> #REF!
C47: 200010 | E47: Syrup Monin strawberry puree Box 4 btl 1 lit | G47: Btl 1 L | I47: =SUMIFS(#REF!,#REF!,التقرير!B46) -> #REF!
C48: 200017 | E48: Syrup Monin vanilla Box 6 btl 1 lit | G48: Btl 1 L | I48: =SUMIFS(#REF!,#REF!,التقرير!B47) -> #REF!
C49: 200021 | E49: Water 600 Ml Box 20 btl | G49: Btl 600 Ml | I49: =SUMIFS(#REF!,#REF!,التقرير!B48) -> #REF!
C50: 200012 | E50: Water Gallon 19 lit | G50: Gal 19 L | I50: =SUMIFS(#REF!,#REF!,التقرير!B49) -> #REF!
C51: Cleaning Supplies
C52: 600062 | E52: Air Freshener Spray | G52: Each | I52: =SUMIFS(#REF!,#REF!,التقرير!B51) -> #REF!
C53: 600015 | E53: Bacteria Tablets | G53: Box 200 Pcs | I53: =SUMIFS(#REF!,#REF!,التقرير!B52) -> #REF!
C54: 600036 | E54: Broom | G54: Each | I54: =SUMIFS(#REF!,#REF!,التقرير!B53) -> #REF!
C55: 600041 | E55: Clor | G55: Btl 1 L | I55: =SUMIFS(#REF!,#REF!,التقرير!B54) -> #REF!
C56: 600026 | E56: Cotton Floor Cleaning Mop | G56: Each | I56: =SUMIFS(#REF!,#REF!,التقرير!B55) -> #REF!
C57: 600104 | E57: Cotton Floor Cleaning Mop - 1/2 Kg | G57: Each | I57: =SUMIFS(#REF!,#REF!,التقرير!B56) -> #REF!
C58: 600157 | E58: DIVERCLEAN SU121 | G58: Liter | I58: =SUMIFS(#REF!,#REF!,التقرير!B57) -> #REF!
C59: 600043 | E59: D-Klenz Anti-Bacterial Cleaner | G59: Gal 4 L | I59: =SUMIFS(#REF!,#REF!,التقرير!B58) -> #REF!
C60: 600011 | E60: F.R.S | G60: Gal 4 L | I60: =SUMIFS(#REF!,#REF!,التقرير!B59) -> #REF!
C61: 600031 | E61: Face Mask Black | G61: Box 50 Pcs | I61: =SUMIFS(#REF!,#REF!,التقرير!B60) -> #REF!
C62: 600032 | E62: Face Mask Blue | G62: Box 50 Pcs | I62: =SUMIFS(#REF!,#REF!,التقرير!B61) -> #REF!
C63: 600055 | E63: Floor Scrubbing Brush | G63: Each | I63: =SUMIFS(#REF!,#REF!,التقرير!B62) -> #REF!
... C78: 600012 | E78: L-A WAY | G78: Gal 4 L | I78: =SUMIFS(#REF!,#REF!,التقرير!B77) -> #REF!
C80: Inventory02.rst
H81: Page | J81: 1 | K81: of | L81: 8
B84: Item No. | E84: Item | G84: Unit | I84: Count Qty
C85: 600013 | E85: M.QUAT | G85: Gal 4 L | I85: =SUMIFS(#REF!,#REF!,التقرير!B79) -> #REF!
C86: 600053 | E86: Metal Hand | G86: Each | I86: =SUMIFS(#REF!,#REF!,التقرير!B80) -> #REF!
C87: 600137 | E87: Plastic Apron | G87: Each | I87: =SUMIFS(#REF!,#REF!,التقرير!B81) -> #REF!
C88: 600116 | E88: Plastic wrist | G88: Each | I88: =SUMIFS(#REF!,#REF!,التقرير!B82) -> #REF!
C89: 600025 | E89: Raid Insecticide Spray | G89: Each | I89: =SUMIFS(#REF!,#REF!,التقرير!B83) -> #REF!
C90: 600084 | E90: Rines Dry | G90: Gal 20 L | I90: =SUMIFS(#REF!,#REF!,التقرير!B84) -> #REF!
C91: 600085 | E91: S.Trump | G91: Gal 20 L | I91: =SUMIFS(#REF!,#REF!,التقرير!B85) -> #REF!
C92: 600151 | E92: SANITISING TABLETS | G92: Kilogram | I92: =SUMIFS(#REF!,#REF!,التقرير!B86) -> #REF!
C93: 600044 | E93: Sewer line cleaner G TAC | G93: Gal 5 Kg | I93: =SUMIFS(#REF!,#REF!,التقرير!B87) -> #REF!
C94: 600020 | E94: Shovel Plastic | G94: Each | I94: =SUMIFS(#REF!,#REF!,التقرير!B88) -> #REF!
C95: 600058 | E95: Soap Dispenser 500 Ml | G95: Each | I95: =SUMIFS(#REF!,#REF!,التقرير!B89) -> #REF!
C96: 600028 | E96: Soap Hand | G96: Gal 4 L | I96: =SUMIFS(#REF!,#REF!,التقرير!B90) -> #REF!
... C103: 600155 | E103: SUMA GRILL D9 | G103: Liter | I103: =SUMIFS(#REF!,#REF!,التقرير!B97) -> #REF!
C104: 600075 | E104: Tissue Interfold | G104: Pkt 150 Pcs | I104: =SUMIFS(#REF!,#REF!,التقرير!B100) -> #REF!
C105: 600068 | E105: Tissue Paper Roll Kitchen | G105: Each | I105: =SUMIFS(#REF!,#REF!,التقرير!B101) -> #REF!
C106: 600067 | E106: Towel Cleaning Colorful | G106: Pkt 3 Pcs | I106: =SUMIFS(#REF!,#REF!,التقرير!B102) -> #REF!
C107: Dairy
C108: 101114 | E108: Baking soda | G108: Kilogram | I108: =SUMIFS(#REF!,#REF!,التقرير!B104) -> #REF!
C109: 101059 | E109: Blue Cheese | G109: Kilogram | I109: =SUMIFS(#REF!,#REF!,التقرير!B105) -> #REF!
C110: 101112 | E110: Butter | G110: Kilogram | I110: =SUMIFS(#REF!,#REF!,التقرير!B106) -> #REF!
C111: 101002 | E111: Butter Fern 10 Pkt 1 Kg | G111: Pkt 1 Kg | I111: =SUMIFS(#REF!,#REF!,التقرير!B107) -> #REF!
C112: 101073 | E112: butter Irish | G112: Kilogram | I112: =SUMIFS(#REF!,#REF!,التقرير!B108) -> #REF!
C113: 101120 | E113: Butter Newzealand | G113: Kilogram | I113: =SUMIFS(#REF!,#REF!,التقرير!B109) -> #REF!
C114: 101139 | E114: Butter Newzealand (local) | G114: Bag 25 Kg | I114: =SUMIFS(#REF!,#REF!,التقرير!B110) -> #REF!
C115: 101004 | E115: Butter unsalted Anchor | G115: Pkt 1 Kg | I115: =SUMIFS(#REF!,#REF!,التقرير!B111) -> #REF!
C116: 101008 | E116: Cheddar American Cheese | G116: Pkt 200 Pcs | I116: =SUMIFS(#REF!,#REF!,التقرير!B112) -> #REF!
C117: 101034 | E117: Cheddar Cheese Kg | G117: Kilogram | I117: =SUMIFS(#REF!,#REF!,التقرير!B113) -> #REF!
C118: 101015 | E118: Cheddar President Cheese | G118: Pkt 184 Pcs | I118: =SUMIFS(#REF!,#REF!,التقرير!B114) -> #REF!
C119: 101070 | E119: Cheddar White American Cheese | G119: Kilogram | I119: =SUMIFS(#REF!,#REF!,التقرير!B115) -> #REF!
... C125: 101098 | E125: Cream Sour | G125: Pkt 500 Gr | I125: =SUMIFS(#REF!,#REF!,التقرير!B121) -> #REF!
C126: 101010 | E126: Cream Whipping Kg. | G126: Gal 5 Kg | I126: =SUMIFS(#REF!,#REF!,التقرير!B127) -> #REF!
C127: 101056 | E127: Emmental Cheese Swiss | G127: Kilogram | I127: =SUMIFS(#REF!,#REF!,التقرير!B128) -> #REF!
C128: 101017 | E128: Feta Cheese Greece | G128: Pkt 250 Gr | I128: =SUMIFS(#REF!,#REF!,التقرير!B129) -> #REF!
C129: 101025 | E129: Goat Cheese | G129: Pkt 150 Gr | I129: =SUMIFS(#REF!,#REF!,التقرير!B130) -> #REF!
C130: 101069 | E130: kiri creamy spread | G130: Pkt 500 Gr | I130: =SUMIFS(#REF!,#REF!,التقرير!B131) -> #REF!
C131: 101072 | E131: la vache Quirit Cheese | G131: Pkt 12 Pcs | I131: =SUMIFS(#REF!,#REF!,التقرير!B132) -> #REF!
C132: 101020 | E132: Labneh Turkish | G132: Pkt 370 Gr | I132: =SUMIFS(#REF!,#REF!,التقرير!B133) -> #REF!
C133: 101031 | E133: Milk Almond Light | G133: Pkt 1 L | I133: =SUMIFS(#REF!,#REF!,التقرير!B134) -> #REF!
C134: 101032 | E134: Milk Coconut | G134: Pkt 1 L | I134: =SUMIFS(#REF!,#REF!,التقرير!B135) -> #REF!
...
